PSNR1,PSNR2,PSNR,Test1,Test2,Test3,Test4,Test5
26.91964391,27.92691111,27.92691111,27.92691111,28.22435501,28.64079222,30.82060866,27.1124451
24.96327477,27.2263481,27.2263481,27.2263481,28.71339596,26.4816685,29.54861497,25.66686299
22.42214656,20.58797954,22.42214656,22.42214656,28.41791171,28.97046676,29.78092703,25.52077074
24.08429511,22.19715711,24.08429511,24.08429511,29.6168627,29.63122222,28.80378358,26.30302411
26.8695197,27.86260856,27.86260856,27.86260856,29.54945137,27.45839232,29.56430028,25.81778696
27.17356096,28.731852,28.731852,28.731852,29.0176886,27.52171743,28.83473257,25.11888569
26.95908361,27.10930311,27.10930311,27.10930311,28.13032761,28.3267487,28.312677,27.38051397
28.04309918,28.62713208,28.62713208,28.62713208,30.05566136,28.95317854,30.08307289,26.4924592
29.39232909,29.21747115,29.39232909,29.39232909,26.49077596,27.55985718,30.25759306,24.55023463
24.3248818,25.07421418,25.07421418,25.07421418,30.11222994,26.57367001,30.31482744,25.30460871
26.08393797,25.29604477,26.08393797,26.08393797,22.1317005,25.10156352,31.04694874,26.18356511
25.95835436,26.31102785,26.31102785,26.31102785,20.28654962,28.59384939,27.56413559,27.48381862
27.52899296,28.06442083,28.06442083,28.06442083,20.28975314,29.48677447,26.15844166,20.63502493
23.91058335,24.07062277,24.07062277,24.07062277,24.08855015,26.51523437,29.74634982,27.70727174
25.56491755,26.19735574,26.19735574,26.19735574,27.20803109,27.19429045,27.22422404,27.65842877
28.77665475,28.09876211,28.77665475,28.77665475,27.67077085,28.56119392,28.75292297,26.18934242
27.00278233,26.31324349,27.00278233,27.00278233,28.46934807,23.69783258,30.10461987,27.5920015
25.84127449,25.94106118,25.94106118,25.94106118,20.24686891,30.20011071,30.23217233,28.2526769
26.62246248,26.55169135,26.62246248,26.62246248,27.4325545,29.27988105,24.01759639,27.46632052
25.56866422,24.95499748,25.56866422,25.56866422,25.90395523,28.58607839,24.2378231,25.36600699
27.8098147,28.73578414,28.73578414,28.73578414,21.21628578,28.69411232,26.38426594,24.96300464
27.66772101,28.34942312,28.34942312,28.34942312,21.46810495,28.05288262,30.05174848,25.7384538
29.13037692,28.25270445,29.13037692,29.13037692,19.65842685,29.50585477,29.34098104,24.54016018
28.03087374,28.29978553,28.29978553,28.29978553,28.72964775,29.07451642,29.70351534,27.46251087
27.61369327,26.84113679,27.61369327,27.61369327,26.53763072,29.10838343,31.43781896,27.51113852
26.59197544,26.50706826,26.59197544,26.59197544,28.41534233,28.70326774,30.74153296,28.16465193
26.10698141,25.68912418,26.10698141,26.10698141,18.47852867,29.48691485,29.68396738,27.61964576
27.42495887,26.73375463,27.42495887,27.42495887,30.56279845,28.50653601,29.39253052,24.15458423
28.01983313,27.86510081,28.01983313,28.01983313,28.12701508,28.85256291,29.78492658,24.93382525
25.09529985,24.25130565,25.09529985,25.09529985,28.93175663,27.24132326,27.82018407,26.58798642
26.15680551,26.91029234,26.91029234,26.91029234,19.40909489,28.29010024,28.40025606,26.73682393
26.15550118,25.90401901,26.15550118,26.15550118,31.4056781,27.25320138,30.43827675,25.80657298
27.77395621,26.89517211,27.77395621,27.77395621,27.68139084,28.88132149,25.05314579,28.20018509
28.12130938,27.83338083,28.12130938,28.12130938,28.5486169,28.96215372,30.43260992,27.99799688
28.30745833,27.75661904,28.30745833,28.30745833,26.23298659,28.77536961,27.7666754,29.08985029
27.71466417,27.95230868,27.95230868,27.95230868,28.20898193,27.43993773,24.75596157,23.57673378
24.85109686,22.6104936,24.85109686,24.85109686,28.34633943,30.20344309,27.9996764,27.48870491
26.20124297,29.47372424,29.47372424,29.47372424,20.81429545,29.6068218,30.18104443,29.34912482
28.81087869,26.11252592,28.81087869,28.81087869,26.35807318,26.99770817,28.40265067,26.54237388
22.3239028,19.54719705,22.3239028,22.3239028,26.66241346,29.29835356,28.27583913,24.43369873
25.74911213,25.72613438,25.74911213,25.74911213,24.08870961,28.93463176,27.58558925,26.60182218
25.64934882,27.43160059,27.43160059,27.43160059,21.42558377,27.61326952,27.37600309,28.65990826
27.59931257,27.70534841,27.70534841,27.70534841,18.7813422,28.17183074,28.20498988,23.90322094
27.2667505,25.55439057,27.2667505,27.2667505,25.70463337,29.40628636,29.96758742,26.39201654
27.88744238,28.01518658,28.01518658,28.01518658,32.40690988,28.69487663,32.64372789,24.4750223
25.64346601,26.91072144,26.91072144,26.91072144,30.10701258,28.69626879,22.73850455,27.49849626
27.08623061,28.93151606,28.93151606,28.93151606,29.60837353,29.81832596,30.76671926,27.80661508
19.6861009,17.03808446,19.6861009,19.6861009,29.79274394,26.02842998,23.90083635,25.95770328
19.86865231,17.88104155,19.86865231,19.86865231,26.68909309,31.65627029,23.43303802,30.16952695
28.2711217,28.14570666,28.2711217,28.2711217,26.28934895,27.77949344,29.19733654,25.82335893
27.38358134,26.82899231,27.38358134,27.38358134,26.74993501,28.12650826,30.8845507,27.18974853
26.04990592,26.03310966,26.04990592,26.04990592,29.34031764,28.10398891,30.17571993,27.1645043
19.05373153,19.3343211,19.3343211,19.3343211,27.42643167,27.97674848,31.15695433,26.99215603
23.81745715,26.84955911,26.84955911,26.84955911,27.73295984,27.96355766,26.84899639,28.29094952
23.67243158,24.70465575,24.70465575,24.70465575,27.2229363,25.5481825,30.08361365,27.06946163
28.52676616,29.04840165,29.04840165,29.04840165,26.37927489,23.64479517,27.93916111,25.27402287
22.28540534,25.98982401,25.98982401,25.98982401,26.3966508,27.71620429,26.99722066,28.42790963
24.8993023,26.69630407,26.69630407,26.69630407,29.09670343,25.7933363,26.5329481,27.03594929
27.37852606,27.23165039,27.37852606,27.37852606,29.49466624,26.95316144,27.26948255,28.76236687
26.7270976,26.047853,26.7270976,26.7270976,26.45509283,27.69785416,29.89381906,28.91031211
19.12842242,16.15193194,19.12842242,19.12842242,27.43083535,30.44676136,29.86305979,26.81995475
26.88582017,27.47106329,27.47106329,27.47106329,25.29357959,27.05283836,23.4658228,23.52648915
28.4732093,28.02434958,28.4732093,28.4732093,26.58474337,25.58119047,21.02579529,27.71571873
26.60898525,24.69746007,26.60898525,26.60898525,26.27447257,28.69365819,18.3559473,23.98255139
17.58969883,17.10815484,17.58969883,17.58969883,26.61893674,28.29757207,27.24789945,25.76558912
26.22171801,24.7009501,26.22171801,26.22171801,25.46196528,29.25168148,28.29895173,26.5724564
24.80503561,24.10767574,24.80503561,24.80503561,27.48153588,26.49782506,28.43828268,25.07965281
25.14562251,23.32487393,25.14562251,25.14562251,29.78348874,28.38548005,27.56718229,24.80222087
17.83336282,16.50601536,17.83336282,17.83336282,25.63376967,29.52121672,26.39421276,26.89725433
22.84103899,22.7087123,22.84103899,22.84103899,27.96461434,24.88056776,26.27493459,25.45048326
24.41003642,27.23675972,27.23675972,27.23675972,26.83195602,25.59453292,27.03705499,27.16115197
22.78128084,24.23906439,24.23906439,24.23906439,25.41143836,26.23456707,28.79922791,28.7250076
23.93595034,25.12100732,25.12100732,25.12100732,26.83626904,28.97626477,30.62588204,28.5996122
26.31701858,26.85117594,26.85117594,26.85117594,27.14728432,25.99334097,29.25858392,24.65058839
24.77263129,25.11289709,25.11289709,25.11289709,25.13382451,26.71841761,28.86298862,28.02681267
27.68221248,27.43261606,27.68221248,27.68221248,26.32976414,26.7279131,27.60264473,24.07266297
24.44700938,26.99920625,26.99920625,26.99920625,26.12533084,25.40679722,26.36025544,27.27991762
24.37415752,22.05960815,24.37415752,24.37415752,21.90595943,26.62946975,25.86201787,27.47283557
17.76097891,17.51917433,17.76097891,17.76097891,27.11605957,26.36868638,19.06093101,27.74043333
19.88683293,19.60198613,19.88683293,19.88683293,26.08088386,26.71725884,20.21345959,25.32514031
25.14974192,22.86420191,25.14974192,25.14974192,27.90223677,27.34980364,29.65467173,26.94273653
28.81691071,28.95727304,28.95727304,28.95727304,27.03955642,29.27543997,25.45118052,24.79162147
27.98352655,25.65295232,27.98352655,27.98352655,25.7055527,27.43330648,26.34497822,26.43924871
22.30050064,22.73616031,22.73616031,22.73616031,27.36475983,27.58228094,30.19679302,21.05346118
25.48455214,27.77086522,27.77086522,27.77086522,26.52236482,25.89799893,29.53945714,28.10571555
27.34999951,27.21034574,27.34999951,27.34999951,26.41821892,29.64273682,26.58072358,24.26866691
24.9968172,23.87807125,24.9968172,24.9968172,28.43223593,29.51948927,29.25554621,22.74898608
23.46454909,22.93629979,23.46454909,23.46454909,28.81916121,29.19139589,29.84759274,26.0663602
25.31923265,23.75114277,25.31923265,25.31923265,28.33364393,27.84100614,26.68446247,27.38022437
25.52361473,25.01288906,25.52361473,25.52361473,25.61979924,28.60776348,22.1044562,27.17040505
23.01348892,21.46857686,23.01348892,23.01348892,25.46394995,29.76838357,25.99700593,25.66528969
25.77648386,25.19958937,25.77648386,25.77648386,26.89218037,31.92760616,27.12823819,30.14393007
26.11162435,25.19851992,26.11162435,26.11162435,26.9404475,31.40800891,27.66337231,28.46162871
25.61668414,25.85399433,25.85399433,25.85399433,26.78997842,27.2128592,23.27092211,27.3532297
25.83748713,26.20830263,26.20830263,26.20830263,27.37478399,31.41251324,27.30775399,25.43936673
24.84813957,27.22198316,27.22198316,27.22198316,26.04081675,29.69615101,22.31039406,22.26970775
24.54540493,23.95008428,24.54540493,24.54540493,29.57156666,28.0817234,20.37855561,25.05497466
23.69785279,24.26851441,24.26851441,24.26851441,30.71053618,29.53780679,19.14296516,24.83362754
26.99651928,30.4418821,30.4418821,30.4418821,29.08614474,28.71065265,28.30142357,22.84316631
20.86191967,20.74905841,20.86191967,20.86191967,28.19444509,24.5767331,24.90941431,24.84272549
23.24369956,21.80412111,23.24369956,23.24369956,29.58861295,24.12322789,26.4224725,25.68827018
25.85834053,25.69200552,25.85834053,25.85834053,28.95812474,30.74366409,21.27560638,26.71708834
22.18994843,21.26286454,22.18994843,22.18994843,29.32937532,33.36620445,22.00005378,26.2569499
25.0689833,24.64893207,25.0689833,25.0689833,29.61096594,31.30224772,28.33934996,23.0145944
24.07274271,25.32007026,25.32007026,25.32007026,29.50370929,28.49147933,25.34232181,24.83567373
24.11265185,24.05252355,24.11265185,24.11265185,26.64068275,23.19338056,24.90383682,28.62823134
22.81841843,22.44309199,22.81841843,22.81841843,23.99119366,24.40050542,25.03431959,25.63927032
29.82396448,28.69677956,29.82396448,29.82396448,20.20005391,26.35293519,20.20225534,25.23661471
24.73956491,23.48893586,24.73956491,24.73956491,28.48626266,24.10069445,23.07678607,21.98709932
26.18447811,24.38728733,26.18447811,26.18447811,29.2321615,26.90802266,21.08107824,27.54676993
26.20092129,26.46178268,26.46178268,26.46178268,21.65353356,26.48347371,18.48996644,27.80387294
25.89007712,25.58196881,25.89007712,25.89007712,26.51614157,29.83369663,21.97684255,20.82795642
28.32632792,27.20083817,28.32632792,28.32632792,27.70217389,26.54606593,23.9327898,23.52348449
28.04532665,28.40948566,28.40948566,28.40948566,25.45311198,24.35786237,26.42767738,25.32185358
30.11214221,29.88141534,30.11214221,30.11214221,27.52636988,24.84808603,25.38364251,28.7054137
24.7566719,24.57690541,24.7566719,24.7566719,23.25135423,31.13871813,23.92067157,21.13739353
20.5246457,22.88322338,22.88322338,22.88322338,26.32614029,23.75874481,25.34079766,29.36229346
24.3112278,28.0965003,28.0965003,28.0965003,27.02321311,27.51335442,21.2667509,27.5222222
25.56964665,27.18147413,27.18147413,27.18147413,27.48021519,30.81143245,29.38671437,26.51031291
27.7629509,28.00291956,28.00291956,28.00291956,28.00862182,23.61207044,21.66515842,26.81275644
24.41455208,23.56180598,24.41455208,24.41455208,30.17048518,27.96814551,26.10237753,22.49590271
26.01028539,28.92217699,28.92217699,28.92217699,30.83580426,26.54064669,24.41153912,26.57412816
26.71897033,28.306035,28.306035,28.306035,26.59601844,25.06976615,18.05422037,31.34708812
25.26172495,26.67700726,26.67700726,26.67700726,30.34098717,24.70762215,26.5023425,27.03162522
24.90927487,24.7973372,24.90927487,24.90927487,31.1107995,25.20615648,27.60380064,23.62001189
26.26296213,28.62862873,28.62862873,28.62862873,31.22942997,22.77660481,26.56700728,27.78555641
28.76317525,28.22596689,28.76317525,28.76317525,29.93168193,24.44767947,27.78484866,26.85778531
26.605644,24.53189352,26.605644,26.605644,25.84891248,22.37287908,21.01365814,21.87441481
26.32605387,24.58681372,26.32605387,26.32605387,27.00245218,28.59680051,24.97971975,27.00355493
23.92313691,26.14113738,26.14113738,26.14113738,26.92893536,29.06404068,25.24496666,27.0331658
27.18849801,27.56074432,27.56074432,27.56074432,27.84384146,32.41697413,20.20475716,25.03117346
26.77309868,27.93857908,27.93857908,27.93857908,25.9036926,26.56901452,28.79673653,21.90282781
27.29656074,27.99364843,27.99364843,27.99364843,28.18622742,27.18110679,22.59250087,28.61741389
25.40235498,26.99164758,26.99164758,26.99164758,29.01040321,28.26318877,21.29880548,19.25585408
26.40434328,21.20737607,26.40434328,26.40434328,29.70803884,33.52296022,23.94238832,22.88032936
22.54283771,19.94278712,22.54283771,22.54283771,29.82673718,26.11887073,24.33954362,27.69291119
27.46688305,29.05984986,29.05984986,29.05984986,29.4019433,27.86552549,25.80262707,24.79567479
26.19492346,27.23212548,27.23212548,27.23212548,31.63389102,26.92538347,20.01926825,27.93214972
26.68248188,26.74263699,26.74263699,26.74263699,29.10724272,27.98010496,19.14819843,26.54174075
26.8199751,27.06360204,27.06360204,27.06360204,28.58701004,26.90299239,22.94506471,26.95882581
25.94047558,26.20647676,26.20647676,26.20647676,25.48467885,30.50382346,26.14600081,24.85805842
29.8879015,29.4442996,29.8879015,29.8879015,25.14586402,24.17460638,23.08207603,28.41445963
26.93245747,28.23513932,28.23513932,28.23513932,29.0151463,26.77666489,25.64229524,21.31738063
27.23056612,26.74414754,27.23056612,27.23056612,28.58527043,25.86261503,27.84198797,27.16782882
27.15646457,28.33254073,28.33254073,28.33254073,27.35685764,24.64780084,26.31852239,29.76268964
17.91037747,16.7085557,17.91037747,17.91037747,26.76779933,26.952957,27.76292018,25.38277605
26.33614359,26.43546668,26.43546668,26.43546668,23.35573023,27.58907431,29.83095004,24.17940314
29.7636663,25.84158345,29.7636663,29.7636663,19.77656488,27.82983414,29.03942751,27.47735053
19.05973374,16.49609654,19.05973374,19.05973374,24.40839254,19.46714018,25.38450513,24.05143383
26.51532695,26.87517615,26.87517615,26.87517615,22.17545025,31.23939841,26.82536121,27.7928612
25.67402381,26.74770706,26.74770706,26.74770706,22.02344435,26.05678897,27.4830501,22.6198231
29.36077255,26.18107578,29.36077255,29.36077255,28.63589764,26.65025533,28.09470956,29.59593532
28.66381065,30.25357325,30.25357325,30.25357325,31.64150683,27.38423886,26.73910393,26.07921434
26.89578687,27.38541199,27.38541199,27.38541199,30.42901135,29.94952665,29.47703305,22.60347292
30.19647303,29.20547002,30.19647303,30.19647303,28.59000558,31.79542869,28.88166863,26.24763361
26.39511863,25.70560837,26.39511863,26.39511863,31.15272432,29.14297706,28.77309756,24.68164376
25.57964399,27.29158882,27.29158882,27.29158882,30.38321779,29.67241287,28.65079064,25.03925906
22.33641734,22.71667179,22.71667179,22.71667179,28.10307855,27.67633222,28.25222491,26.82096833
22.18512559,22.68741802,22.68741802,22.68741802,29.7012274,27.34268956,29.88092703,28.88730703
26.13697448,26.35239337,26.35239337,26.35239337,29.94046771,28.39325109,27.23238642,26.35970644
22.8193282,27.70257956,27.70257956,27.70257956,31.40903151,27.57458741,26.22243196,21.35653571
25.2377589,26.21960038,26.21960038,26.21960038,28.08801657,24.76584573,24.36123568,30.56355172
27.70475478,24.74357547,27.70475478,27.70475478,28.60332864,24.03719807,26.87126947,30.86167873
23.89909706,24.63831393,24.63831393,24.63831393,29.38412541,20.47317726,25.5938415,24.29173881
18.74433099,14.90278443,18.74433099,18.74433099,27.76260976,26.15131507,27.50028269,27.34374314
26.40860591,27.8789499,27.8789499,27.8789499,24.55515853,24.26368346,28.74135235,25.97098195
25.84564357,26.00364783,26.00364783,26.00364783,26.18329891,25.91718238,28.62302459,26.79433756
22.93381352,21.50532738,22.93381352,22.93381352,27.70044491,31.08200501,27.74013355,27.58233312
23.96259241,24.30965943,24.30965943,24.30965943,21.86003023,27.11725144,28.36911053,25.35268193
25.98582565,25.76309306,25.98582565,25.98582565,25.67061847,31.05484175,28.33211859,22.71069015
21.98300459,21.07810348,21.98300459,21.98300459,25.02461781,30.27738706,27.61379452,27.82050478
21.20767405,20.87446698,21.20767405,21.20767405,25.73069838,28.20284915,27.81381491,29.00080671
26.08391177,22.80090944,26.08391177,26.08391177,20.68920632,25.94025108,28.15417436,23.62215018
23.41884167,23.80210555,23.80210555,23.80210555,24.50531932,28.19261536,27.06247786,27.00693908
26.37537971,27.17331166,27.17331166,27.17331166,24.32590196,21.1796649,25.58060104,27.01326084
21.54828106,20.93786217,21.54828106,21.54828106,23.33409226,28.92274557,27.40428001,28.45950031
25.9677119,25.48570925,25.9677119,25.9677119,23.96887694,23.6215112,28.35353258,25.25089472
24.68380864,26.05918951,26.05918951,26.05918951,24.49860942,27.52770814,26.5575408,23.7736772
24.58170183,24.99158997,24.99158997,24.99158997,26.01673475,25.04862927,25.5404075,25.83539299
27.15964435,26.67656895,27.15964435,27.15964435,27.55993914,29.40993609,24.72561653,27.98168056
24.9112683,24.44000741,24.9112683,24.9112683,25.76666476,26.57031228,28.13866968,25.95889206
27.35545311,27.81799347,27.81799347,27.81799347,26.37912692,26.97142948,28.70673872,27.24809034
23.86011887,23.56316354,23.86011887,23.86011887,26.3543089,26.83566587,27.28043288,27.4212803
28.96520798,29.79966673,29.79966673,29.79966673,31.16890787,28.65035468,27.38393006,27.61970734
27.95130559,28.19777557,28.19777557,28.19777557,30.75491229,23.30236606,24.69661198,28.001215
24.58913184,21.43147557,24.58913184,24.58913184,28.04252852,25.3692931,27.31856546,24.17685047
27.05748382,26.25279037,27.05748382,27.05748382,28.70844019,29.97102135,24.86475864,28.58049388
30.77356301,26.44182876,30.77356301,30.77356301,28.68442212,29.67592444,27.60530236,28.56696095
16.22573703,13.81492335,16.22573703,16.22573703,28.63633544,21.84803976,26.39613144,28.41511285
25.20443516,24.08152573,25.20443516,25.20443516,27.8331211,27.56867108,29.34089823,28.3129297
25.32974198,22.30622804,25.32974198,25.32974198,29.72173136,29.41171263,27.49608015,28.21681549
24.65159696,29.93205256,29.93205256,29.93205256,28.74228072,26.80171135,28.98761979,26.20750247
26.59061594,27.94785887,27.94785887,27.94785887,28.54246856,28.89073497,25.46559864,22.74790147
24.00883265,22.18313354,24.00883265,24.00883265,25.38784557,26.7325851,27.92121716,24.28498149
24.9561588,28.22830342,28.22830342,28.22830342,28.57363831,27.5928847,25.41451112,28.49016843
28.20406871,28.23339978,28.23339978,28.23339978,27.66476419,27.15366836,25.83182266,23.58375632
24.57640228,28.27298044,28.27298044,28.27298044,28.58979456,25.58379846,26.45888067,20.73210809
26.32578272,25.89980803,26.32578272,26.32578272,27.93611438,29.33960163,29.03464792,25.10668194
28.09476259,28.8013135,28.8013135,28.8013135,28.3108128,26.48901075,23.2430766,24.6713707
21.21828616,20.13270325,21.21828616,21.21828616,28.19442047,31.44326861,27.49926717,27.21008879
27.47250013,28.22435501,28.22435501,,,,,
24.35717669,28.71339596,28.71339596,,,,,
28.06615233,28.41791171,28.41791171,,,,,
28.6555163,29.6168627,29.6168627,,,,,
29.54945137,26.94382852,29.54945137,,,,,
28.68903357,29.0176886,29.0176886,,,,,
28.13032761,24.41314392,28.13032761,,,,,
30.05566136,29.60942515,30.05566136,,,,,
26.49077596,25.87909205,26.49077596,,,,,
28.41691762,30.11222994,30.11222994,,,,,
22.1317005,18.7753941,22.1317005,,,,,
20.28654962,18.56440212,20.28654962,,,,,
20.28975314,18.40606714,20.28975314,,,,,
24.08855015,21.18733764,24.08855015,,,,,
26.81621037,27.20803109,27.20803109,,,,,
27.67077085,26.22717258,27.67077085,,,,,
27.75137927,28.46934807,28.46934807,,,,,
20.24686891,19.40277283,20.24686891,,,,,
27.4325545,27.39058336,27.4325545,,,,,
25.82003244,25.90395523,25.90395523,,,,,
21.21628578,19.74597827,21.21628578,,,,,
21.46810495,21.09349865,21.46810495,,,,,
19.65842685,18.74279924,19.65842685,,,,,
28.72964775,23.37950711,28.72964775,,,,,
25.06164736,26.53763072,26.53763072,,,,,
28.41534233,28.1615216,28.41534233,,,,,
18.47852867,17.87963064,18.47852867,,,,,
29.33040876,30.56279845,30.56279845,,,,,
27.42451635,28.12701508,28.12701508,,,,,
28.93175663,26.52349178,28.93175663,,,,,
19.40909489,16.46177734,19.40909489,,,,,
31.27166314,31.4056781,31.4056781,,,,,
27.42848001,27.68139084,27.68139084,,,,,
28.5486169,27.87912844,28.5486169,,,,,
21.82801296,26.23298659,26.23298659,,,,,
27.83165298,28.20898193,28.20898193,,,,,
28.34633943,28.20087106,28.34633943,,,,,
20.81429545,18.31542542,20.81429545,,,,,
25.84550574,26.35807318,26.35807318,,,,,
26.66241346,25.16454252,26.66241346,,,,,
24.08870961,21.12732782,24.08870961,,,,,
20.64958994,21.42558377,21.42558377,,,,,
18.7813422,17.53427217,18.7813422,,,,,
25.70463337,23.55031387,25.70463337,,,,,
32.40690988,27.59805626,32.40690988,,,,,
30.10701258,23.16920333,30.10701258,,,,,
29.60837353,26.45921898,29.60837353,,,,,
28.39595206,29.79274394,29.79274394,,,,,
25.73849192,26.68909309,26.68909309,,,,,
25.6828731,26.28934895,26.28934895,,,,,
26.74993501,26.43908448,26.74993501,,,,,
29.30894834,29.34031764,29.34031764,,,,,
26.8708352,27.42643167,27.42643167,,,,,
27.73295984,27.52807787,27.73295984,,,,,
27.2229363,26.88853078,27.2229363,,,,,
24.4334758,26.37927489,26.37927489,,,,,
26.22116014,26.3966508,26.3966508,,,,,
28.82812449,29.09670343,29.09670343,,,,,
29.39190263,29.49466624,29.49466624,,,,,
26.45509283,25.28718605,26.45509283,,,,,
27.43083535,26.07213594,27.43083535,,,,,
25.29357959,24.88173437,25.29357959,,,,,
26.41348091,26.58474337,26.58474337,,,,,
25.97804477,26.27447257,26.27447257,,,,,
24.72221195,26.61893674,26.61893674,,,,,
25.12243193,25.46196528,25.46196528,,,,,
27.48153588,27.36396508,27.48153588,,,,,
29.23585484,29.78348874,29.78348874,,,,,
25.63376967,25.49120131,25.63376967,,,,,
27.91574668,27.96461434,27.96461434,,,,,
26.25665381,26.83195602,26.83195602,,,,,
25.26553782,25.41143836,25.41143836,,,,,
26.22876928,26.83626904,26.83626904,,,,,
25.84530476,27.14728432,27.14728432,,,,,
25.13382451,25.01192091,25.13382451,,,,,
25.07927852,26.32976414,26.32976414,,,,,
25.65406327,26.12533084,26.12533084,,,,,
21.31489668,21.90595943,21.90595943,,,,,
24.51665903,27.11605957,27.11605957,,,,,
25.79343571,26.08088386,26.08088386,,,,,
26.74798082,27.90223677,27.90223677,,,,,
26.7572795,27.03955642,27.03955642,,,,,
25.25405299,25.7055527,25.7055527,,,,,
23.7852013,27.36475983,27.36475983,,,,,
25.72287208,26.52236482,26.52236482,,,,,
25.21937249,26.41821892,26.41821892,,,,,
27.40760269,28.43223593,28.43223593,,,,,
28.17669152,28.81916121,28.81916121,,,,,
25.94693045,28.33364393,28.33364393,,,,,
25.58603752,25.61979924,25.61979924,,,,,
25.31415766,25.46394995,25.46394995,,,,,
26.43152278,26.89218037,26.89218037,,,,,
26.67187672,26.9404475,26.9404475,,,,,
26.78997842,26.54976195,26.78997842,,,,,
26.68443152,27.37478399,27.37478399,,,,,
25.58105366,26.04081675,26.04081675,,,,,
27.89444428,29.57156666,29.57156666,,,,,
29.16754491,30.71053618,30.71053618,,,,,
26.4100832,29.08614474,29.08614474,,,,,
24.43987239,28.19444509,28.19444509,,,,,
29.58861295,27.73795432,29.58861295,,,,,
27.31461743,28.95812474,28.95812474,,,,,
28.06384933,29.32937532,29.32937532,,,,,
29.61096594,28.24720904,29.61096594,,,,,
29.50370929,26.3241411,29.50370929,,,,,
20.71220264,26.64068275,26.64068275,,,,,
23.99119366,20.66686848,23.99119366,,,,,
19.92155912,20.20005391,20.20005391,,,,,
21.29932012,28.48626266,28.48626266,,,,,
28.50375373,29.2321615,29.2321615,,,,,
21.65353356,21.03117039,21.65353356,,,,,
25.80035721,26.51614157,26.51614157,,,,,
27.70217389,26.52297561,27.70217389,,,,,
25.45311198,22.64934436,25.45311198,,,,,
27.52636988,26.53619911,27.52636988,,,,,
23.25135423,21.39091201,23.25135423,,,,,
23.35198742,26.32614029,26.32614029,,,,,
26.61773036,27.02321311,27.02321311,,,,,
27.48021519,23.51776969,27.48021519,,,,,
27.4129992,28.00862182,28.00862182,,,,,
28.47975318,30.17048518,30.17048518,,,,,
27.79960481,30.83580426,30.83580426,,,,,
26.55179413,26.59601844,26.59601844,,,,,
29.00465756,30.34098717,30.34098717,,,,,
27.89882929,31.1107995,31.1107995,,,,,
29.61150362,31.22942997,31.22942997,,,,,
28.11634768,29.93168193,29.93168193,,,,,
25.35431434,25.84891248,25.84891248,,,,,
26.31610738,27.00245218,27.00245218,,,,,
26.49754982,26.92893536,26.92893536,,,,,
27.70528468,27.84384146,27.84384146,,,,,
25.9036926,24.065953,25.9036926,,,,,
23.17939013,28.18622742,28.18622742,,,,,
28.94616654,29.01040321,29.01040321,,,,,
29.70803884,28.32795472,29.70803884,,,,,
29.82673718,25.41804623,29.82673718,,,,,
29.4019433,28.50757201,29.4019433,,,,,
26.23532045,31.63389102,31.63389102,,,,,
27.80207102,29.10724272,29.10724272,,,,,
26.55680297,28.58701004,28.58701004,,,,,
25.48467885,24.67582892,25.48467885,,,,,
25.14586402,24.07996672,25.14586402,,,,,
29.0151463,28.06889791,29.0151463,,,,,
28.58527043,27.14674761,28.58527043,,,,,
27.35685764,26.19619274,27.35685764,,,,,
25.47252932,26.76779933,26.76779933,,,,,
23.35573023,22.80230487,23.35573023,,,,,
19.77656488,19.24190711,19.77656488,,,,,
23.55774925,24.40839254,24.40839254,,,,,
22.17545025,21.82467914,22.17545025,,,,,
22.02344435,19.97731804,22.02344435,,,,,
27.41481058,28.63589764,28.63589764,,,,,
31.34095698,31.64150683,31.64150683,,,,,
30.42901135,30.22333177,30.42901135,,,,,
28.59000558,25.59795505,28.59000558,,,,,
30.24605372,31.15272432,31.15272432,,,,,
30.38321779,29.27065083,30.38321779,,,,,
27.76959989,28.10307855,28.10307855,,,,,
28.90848502,29.7012274,29.7012274,,,,,
29.14790563,29.94046771,29.94046771,,,,,
29.98152715,31.40903151,31.40903151,,,,,
28.05484596,28.08801657,28.08801657,,,,,
28.25521752,28.60332864,28.60332864,,,,,
29.19778414,29.38412541,29.38412541,,,,,
24.99395116,27.76260976,27.76260976,,,,,
20.58496763,24.55515853,24.55515853,,,,,
22.21267264,26.18329891,26.18329891,,,,,
25.76934891,27.70044491,27.70044491,,,,,
21.86003023,21.50626944,21.86003023,,,,,
24.63203415,25.67061847,25.67061847,,,,,
25.02461781,22.33948916,25.02461781,,,,,
20.79754976,25.73069838,25.73069838,,,,,
18.97438485,20.68920632,20.68920632,,,,,
24.50531932,23.69298708,24.50531932,,,,,
24.3252457,24.32590196,24.32590196,,,,,
23.33409226,22.9462126,23.33409226,,,,,
23.96887694,23.04705499,23.96887694,,,,,
24.2002107,24.49860942,24.49860942,,,,,
25.60866578,26.01673475,26.01673475,,,,,
26.67372352,27.55993914,27.55993914,,,,,
25.74436558,25.76666476,25.76666476,,,,,
25.98468715,26.37912692,26.37912692,,,,,
26.3543089,25.7935176,26.3543089,,,,,
28.04891159,31.16890787,31.16890787,,,,,
29.04747376,30.75491229,30.75491229,,,,,
27.38639981,28.04252852,28.04252852,,,,,
25.38665106,28.70844019,28.70844019,,,,,
28.68442212,28.53308359,28.68442212,,,,,
28.44685945,28.63633544,28.63633544,,,,,
27.8331211,27.78627839,27.8331211,,,,,
29.72173136,29.01900839,29.72173136,,,,,
27.54076173,28.74228072,28.74228072,,,,,
25.93286534,28.54246856,28.54246856,,,,,
25.38784557,24.48955461,25.38784557,,,,,
27.0466576,28.57363831,28.57363831,,,,,
27.21618767,27.66476419,27.66476419,,,,,
25.7162211,28.58979456,28.58979456,,,,,
27.14047016,27.93611438,27.93611438,,,,,
28.3108128,28.0947175,28.3108128,,,,,
28.01489239,28.19442047,28.19442047,,,,,
27.63220348,28.64079222,28.64079222,,,,,
26.37314585,26.4816685,26.4816685,,,,,
26.89008198,28.97046676,28.97046676,,,,,
29.55199413,29.63122222,29.63122222,,,,,
27.45839232,27.4187127,27.45839232,,,,,
26.57147163,27.52171743,27.52171743,,,,,
27.8468055,28.3267487,28.3267487,,,,,
26.41113014,28.95317854,28.95317854,,,,,
27.55985718,27.49773029,27.55985718,,,,,
25.02341392,26.57367001,26.57367001,,,,,
25.10156352,24.67701099,25.10156352,,,,,
27.03184056,28.59384939,28.59384939,,,,,
28.40682422,29.48677447,29.48677447,,,,,
26.51523437,26.28884615,26.51523437,,,,,
27.18796568,27.19429045,27.19429045,,,,,
26.06444495,28.56119392,28.56119392,,,,,
23.69783258,23.25037863,23.69783258,,,,,
28.6501712,30.20011071,30.20011071,,,,,
29.27988105,27.61912424,29.27988105,,,,,
28.58607839,28.17716071,28.58607839,,,,,
27.41041809,28.69411232,28.69411232,,,,,
26.64981761,28.05288262,28.05288262,,,,,
28.5260398,29.50585477,29.50585477,,,,,
27.73514406,29.07451642,29.07451642,,,,,
28.23852077,29.10838343,29.10838343,,,,,
27.55781839,28.70326774,28.70326774,,,,,
29.41017911,29.48691485,29.48691485,,,,,
26.24699352,28.50653601,28.50653601,,,,,
28.20284094,28.85256291,28.85256291,,,,,
26.11901809,27.24132326,27.24132326,,,,,
26.37192254,28.29010024,28.29010024,,,,,
26.76921646,27.25320138,27.25320138,,,,,
26.61144298,28.88132149,28.88132149,,,,,
27.16598775,28.96215372,28.96215372,,,,,
26.27242275,28.77536961,28.77536961,,,,,
27.43993773,26.61828835,27.43993773,,,,,
28.27313921,30.20344309,30.20344309,,,,,
25.9906776,29.6068218,29.6068218,,,,,
26.52985901,26.99770817,26.99770817,,,,,
24.28579689,29.29835356,29.29835356,,,,,
24.87298233,28.93463176,28.93463176,,,,,
27.61326952,26.88963383,27.61326952,,,,,
28.17183074,27.40439323,28.17183074,,,,,
28.25314174,29.40628636,29.40628636,,,,,
27.67308802,28.69487663,28.69487663,,,,,
27.18146693,28.69626879,28.69626879,,,,,
28.31108335,29.81832596,29.81832596,,,,,
26.02842998,25.92687593,26.02842998,,,,,
29.24711174,31.65627029,31.65627029,,,,,
26.81300839,27.77949344,27.77949344,,,,,
23.74360006,28.12650826,28.12650826,,,,,
27.63473188,28.10398891,28.10398891,,,,,
24.84891421,27.97674848,27.97674848,,,,,
27.96355766,23.59862677,27.96355766,,,,,
25.5481825,23.7894061,25.5481825,,,,,
23.64479517,22.81996925,23.64479517,,,,,
27.71620429,25.58204978,27.71620429,,,,,
25.30046588,25.7933363,25.7933363,,,,,
26.51308753,26.95316144,26.95316144,,,,,
27.69785416,27.43735468,27.69785416,,,,,
29.1878955,30.44676136,30.44676136,,,,,
26.79061469,27.05283836,27.05283836,,,,,
25.58119047,24.62852665,25.58119047,,,,,
27.86476104,28.69365819,28.69365819,,,,,
26.10531423,28.29757207,28.29757207,,,,,
29.25168148,26.75077457,29.25168148,,,,,
25.87842297,26.49782506,26.49782506,,,,,
27.70079599,28.38548005,28.38548005,,,,,
28.72056234,29.52121672,29.52121672,,,,,
24.88056776,24.57244712,24.88056776,,,,,
24.22986271,25.59453292,25.59453292,,,,,
25.94128605,26.23456707,26.23456707,,,,,
25.38473226,28.97626477,28.97626477,,,,,
25.99334097,25.77590218,25.99334097,,,,,
26.08279952,26.71841761,26.71841761,,,,,
26.7279131,26.0963383,26.7279131,,,,,
25.40679722,24.92054762,25.40679722,,,,,
26.62946975,26.15773324,26.62946975,,,,,
25.29403258,26.36868638,26.36868638,,,,,
26.59555809,26.71725884,26.71725884,,,,,
26.32527603,27.34980364,27.34980364,,,,,
29.27543997,28.99341856,29.27543997,,,,,
26.83314316,27.43330648,27.43330648,,,,,
27.58228094,27.05201305,27.58228094,,,,,
25.89799893,24.80522365,25.89799893,,,,,
29.64273682,28.89360303,29.64273682,,,,,
29.00429696,29.51948927,29.51948927,,,,,
28.90353256,29.19139589,29.19139589,,,,,
27.84100614,27.19363244,27.84100614,,,,,
28.29022557,28.60776348,28.60776348,,,,,
29.76838357,29.15661679,29.76838357,,,,,
31.92760616,28.18227676,31.92760616,,,,,
31.40800891,30.3057119,31.40800891,,,,,
26.31008673,27.2128592,27.2128592,,,,,
31.41251324,29.99112455,31.41251324,,,,,
28.57839016,29.69615101,29.69615101,,,,,
26.88839889,28.0817234,28.0817234,,,,,
28.43233081,29.53780679,29.53780679,,,,,
28.71065265,27.67061333,28.71065265,,,,,
24.5767331,19.43705169,24.5767331,,,,,
24.12322789,20.20722066,24.12322789,,,,,
28.63288241,30.74366409,30.74366409,,,,,
29.60501212,33.36620445,33.36620445,,,,,
31.30224772,30.17403024,31.30224772,,,,,
25.69362215,28.49147933,28.49147933,,,,,
19.38967991,23.19338056,23.19338056,,,,,
24.40050542,22.05678155,24.40050542,,,,,
24.92678875,26.35293519,26.35293519,,,,,
24.10069445,24.07037281,24.10069445,,,,,
25.00532827,26.90802266,26.90802266,,,,,
24.88847479,26.48347371,26.48347371,,,,,
28.57266707,29.83369663,29.83369663,,,,,
26.54606593,26.23528139,26.54606593,,,,,
23.11746796,24.35786237,24.35786237,,,,,
24.59504093,24.84808603,24.84808603,,,,,
31.13871813,29.82981062,31.13871813,,,,,
23.75874481,18.81014597,23.75874481,,,,,
27.51335442,26.45888676,27.51335442,,,,,
27.4475215,30.81143245,30.81143245,,,,,
23.61207044,21.58621339,23.61207044,,,,,
27.58066595,27.96814551,27.96814551,,,,,
26.54064669,25.38207618,26.54064669,,,,,
25.06976615,25.0514294,25.06976615,,,,,
24.70762215,23.38615352,24.70762215,,,,,
24.49177129,25.20615648,25.20615648,,,,,
21.39639771,22.77660481,22.77660481,,,,,
22.95330944,24.44767947,24.44767947,,,,,
21.86137904,22.37287908,22.37287908,,,,,
28.59680051,28.39591082,28.59680051,,,,,
27.35370141,29.06404068,29.06404068,,,,,
30.11255427,32.41697413,32.41697413,,,,,
26.56901452,23.74238685,26.56901452,,,,,
26.90735017,27.18110679,27.18110679,,,,,
28.03270923,28.26318877,28.26318877,,,,,
31.75961586,33.52296022,33.52296022,,,,,
25.75434809,26.11887073,26.11887073,,,,,
27.86552549,27.75707648,27.86552549,,,,,
26.75918618,26.92538347,26.92538347,,,,,
27.17809091,27.98010496,27.98010496,,,,,
26.58237474,26.90299239,26.90299239,,,,,
26.81906798,30.50382346,30.50382346,,,,,
24.17460638,22.65472036,24.17460638,,,,,
26.29460603,26.77666489,26.77666489,,,,,
25.02736741,25.86261503,25.86261503,,,,,
24.64780084,23.22013626,24.64780084,,,,,
26.80969862,26.952957,26.952957,,,,,
27.58907431,27.25728064,27.58907431,,,,,
27.82983414,27.28506003,27.82983414,,,,,
17.62258906,19.46714018,19.46714018,,,,,
26.57766413,31.23939841,31.23939841,,,,,
26.05678897,25.67414808,26.05678897,,,,,
25.51805401,26.65025533,26.65025533,,,,,
26.99576333,27.38423886,27.38423886,,,,,
26.77867823,29.94952665,29.94952665,,,,,
30.36875525,31.79542869,31.79542869,,,,,
27.96268354,29.14297706,29.14297706,,,,,
29.67241287,27.85743253,29.67241287,,,,,
27.67633222,27.46023396,27.67633222,,,,,
27.34268956,27.11491595,27.34268956,,,,,
27.92872137,28.39325109,28.39325109,,,,,
26.75910435,27.57458741,27.57458741,,,,,
24.76584573,23.83993775,24.76584573,,,,,
24.03719807,23.37557252,24.03719807,,,,,
20.47317726,20.21537233,20.47317726,,,,,
26.15131507,24.80325628,26.15131507,,,,,
24.26368346,22.64680725,24.26368346,,,,,
25.91718238,25.74656246,25.91718238,,,,,
30.86104703,31.08200501,31.08200501,,,,,
25.84099286,27.11725144,27.11725144,,,,,
29.92494055,31.05484175,31.05484175,,,,,
29.53011105,30.27738706,30.27738706,,,,,
26.3819711,28.20284915,28.20284915,,,,,
25.42257974,25.94025108,25.94025108,,,,,
28.19261536,26.91326721,28.19261536,,,,,
21.1796649,21.0849184,21.1796649,,,,,
27.93127468,28.92274557,28.92274557,,,,,
23.6215112,23.38880337,23.6215112,,,,,
27.52770814,26.89327993,27.52770814,,,,,
25.04862927,21.97078584,25.04862927,,,,,
29.285034,29.40993609,29.40993609,,,,,
25.26441552,26.57031228,26.57031228,,,,,
26.97142948,23.55729656,26.97142948,,,,,
26.83566587,20.66528248,26.83566587,,,,,
26.66519936,28.65035468,28.65035468,,,,,
23.30236606,22.02928782,23.30236606,,,,,
25.3692931,22.5861592,25.3692931,,,,,
26.46449255,29.97102135,29.97102135,,,,,
26.51909959,29.67592444,29.67592444,,,,,
21.84803976,21.67541326,21.84803976,,,,,
27.56867108,25.81464542,27.56867108,,,,,
29.41171263,29.34978521,29.41171263,,,,,
25.52781706,26.80171135,26.80171135,,,,,
28.06939818,28.89073497,28.89073497,,,,,
25.90796117,26.7325851,26.7325851,,,,,
27.5928847,27.4244257,27.5928847,,,,,
26.48087854,27.15366836,27.15366836,,,,,
25.07246465,25.58379846,25.58379846,,,,,
29.33960163,27.66197624,29.33960163,,,,,
25.81460944,26.48901075,26.48901075,,,,,
29.74657356,31.44326861,31.44326861,,,,,
28.44264822,30.82060866,30.82060866,,,,,
28.50847548,29.54861497,29.54861497,,,,,
29.78092703,29.67178659,29.78092703,,,,,
27.09709233,28.80378358,28.80378358,,,,,
28.31897863,29.56430028,29.56430028,,,,,
28.74117838,28.83473257,28.83473257,,,,,
26.53642912,28.312677,28.312677,,,,,
28.76792433,30.08307289,30.08307289,,,,,
30.25759306,28.64004027,30.25759306,,,,,
30.31482744,29.83249399,30.31482744,,,,,
28.85167576,31.04694874,31.04694874,,,,,
27.56413559,26.58460968,27.56413559,,,,,
26.15844166,26.0389908,26.15844166,,,,,
28.62684419,29.74634982,29.74634982,,,,,
27.22422404,27.05444827,27.22422404,,,,,
28.75292297,28.21162259,28.75292297,,,,,
29.07384182,30.10461987,30.10461987,,,,,
30.23217233,29.57019847,30.23217233,,,,,
23.75342036,24.01759639,24.01759639,,,,,
24.2378231,23.45502915,24.2378231,,,,,
26.38426594,24.77279342,26.38426594,,,,,
29.79394156,30.05174848,30.05174848,,,,,
29.19003493,29.34098104,29.34098104,,,,,
28.33393989,29.70351534,29.70351534,,,,,
25.48619067,31.43781896,31.43781896,,,,,
28.85480543,30.74153296,30.74153296,,,,,
26.23665297,29.68396738,29.68396738,,,,,
29.39253052,27.35502519,29.39253052,,,,,
29.78492658,29.46581112,29.78492658,,,,,
27.41985541,27.82018407,27.82018407,,,,,
27.30517255,28.40025606,28.40025606,,,,,
28.47370313,30.43827675,30.43827675,,,,,
25.05314579,24.66919151,25.05314579,,,,,
28.2315504,30.43260992,30.43260992,,,,,
26.95730411,27.7666754,27.7666754,,,,,
24.75596157,23.98877765,24.75596157,,,,,
27.70984679,27.9996764,27.9996764,,,,,
29.05358231,30.18104443,30.18104443,,,,,
27.53166574,28.40265067,28.40265067,,,,,
24.96415471,28.27583913,28.27583913,,,,,
26.76184872,27.58558925,27.58558925,,,,,
26.78937177,27.37600309,27.37600309,,,,,
28.20498988,23.58701286,28.20498988,,,,,
29.56772331,29.96758742,29.96758742,,,,,
28.30532984,32.64372789,32.64372789,,,,,
22.73850455,22.73812363,22.73850455,,,,,
25.35407401,30.76671926,30.76671926,,,,,
23.90083635,22.09009206,23.90083635,,,,,
23.23150527,23.43303802,23.43303802,,,,,
29.19733654,27.57088089,29.19733654,,,,,
30.67866214,30.8845507,30.8845507,,,,,
30.17571993,25.29058868,30.17571993,,,,,
30.35800268,31.15695433,31.15695433,,,,,
26.38937906,26.84899639,26.84899639,,,,,
27.18693909,30.08361365,30.08361365,,,,,
27.93916111,27.83896069,27.93916111,,,,,
26.70410546,26.99722066,26.99722066,,,,,
26.5329481,24.69537597,26.5329481,,,,,
27.26948255,23.80710166,27.26948255,,,,,
29.89381906,28.21389353,29.89381906,,,,,
28.63925061,29.86305979,29.86305979,,,,,
23.4658228,20.54909316,23.4658228,,,,,
21.02579529,18.7228747,21.02579529,,,,,
18.3559473,17.60092649,18.3559473,,,,,
27.24789945,26.51644164,27.24789945,,,,,
27.15371043,28.29895173,28.29895173,,,,,
28.43828268,28.13560136,28.43828268,,,,,
27.49758354,27.56718229,27.56718229,,,,,
26.31939958,26.39421276,26.39421276,,,,,
26.27493459,24.71085605,26.27493459,,,,,
27.03705499,26.46830525,27.03705499,,,,,
27.75673318,28.79922791,28.79922791,,,,,
30.07440048,30.62588204,30.62588204,,,,,
23.43191595,29.25858392,29.25858392,,,,,
22.98305424,28.86298862,28.86298862,,,,,
27.59148914,27.60264473,27.60264473,,,,,
25.91000702,26.36025544,26.36025544,,,,,
25.86201787,25.26646369,25.86201787,,,,,
19.06093101,18.54981151,19.06093101,,,,,
19.93836074,20.21345959,20.21345959,,,,,
29.61776125,29.65467173,29.65467173,,,,,
25.45118052,22.21486639,25.45118052,,,,,
26.34497822,25.66449044,26.34497822,,,,,
29.16398744,30.19679302,30.19679302,,,,,
27.74392671,29.53945714,29.53945714,,,,,
26.58072358,24.93335062,26.58072358,,,,,
29.25554621,27.61845892,29.25554621,,,,,
28.90058094,29.84759274,29.84759274,,,,,
25.90320136,26.68446247,26.68446247,,,,,
22.1044562,22.00886725,22.1044562,,,,,
25.99700593,25.26978184,25.99700593,,,,,
27.12823819,26.11914754,27.12823819,,,,,
27.66337231,26.4595562,27.66337231,,,,,
23.27092211,22.96328235,23.27092211,,,,,
27.30775399,25.90751919,27.30775399,,,,,
22.31039406,21.19239023,22.31039406,,,,,
20.37855561,19.0848373,20.37855561,,,,,
18.7804903,19.14296516,19.14296516,,,,,
28.30142357,26.4028831,28.30142357,,,,,
20.5423508,24.90941431,24.90941431,,,,,
26.4224725,24.51265774,26.4224725,,,,,
21.27560638,20.32282108,21.27560638,,,,,
22.00005378,20.43548106,22.00005378,,,,,
28.33934996,27.66703806,28.33934996,,,,,
25.34232181,24.28077111,25.34232181,,,,,
20.6728451,24.90383682,24.90383682,,,,,
25.03431959,23.43183576,25.03431959,,,,,
20.20225534,19.82840678,20.20225534,,,,,
18.29857209,23.07678607,23.07678607,,,,,
21.08107824,18.67473362,21.08107824,,,,,
18.48996644,16.68709288,18.48996644,,,,,
21.48977112,21.97684255,21.97684255,,,,,
23.9327898,23.79826915,23.9327898,,,,,
26.42767738,26.08993823,26.42767738,,,,,
22.66571661,25.38364251,25.38364251,,,,,
23.92067157,22.51402499,23.92067157,,,,,
25.34079766,24.83989624,25.34079766,,,,,
16.73711582,21.2667509,21.2667509,,,,,
28.19944672,29.38671437,29.38671437,,,,,
19.99403527,21.66515842,21.66515842,,,,,
21.89940179,26.10237753,26.10237753,,,,,
24.41153912,22.92771819,24.41153912,,,,,
18.05422037,15.77390069,18.05422037,,,,,
26.5023425,25.70329554,26.5023425,,,,,
27.60380064,26.71407427,27.60380064,,,,,
24.41457931,26.56700728,26.56700728,,,,,
23.45302099,27.78484866,27.78484866,,,,,
21.01365814,20.89819112,21.01365814,,,,,
24.90833129,24.97971975,24.97971975,,,,,
25.24496666,23.2133445,25.24496666,,,,,
17.54859403,20.20475716,20.20475716,,,,,
27.11395858,28.79673653,28.79673653,,,,,
22.59250087,21.48610213,22.59250087,,,,,
21.29880548,20.77907167,21.29880548,,,,,
23.94238832,22.49284206,23.94238832,,,,,
24.33954362,24.0439738,24.33954362,,,,,
25.80262707,25.30829806,25.80262707,,,,,
20.01926825,18.81709449,20.01926825,,,,,
18.7503879,19.14819843,19.14819843,,,,,
19.19489533,22.94506471,22.94506471,,,,,
26.14600081,23.88693569,26.14600081,,,,,
23.08207603,22.20233412,23.08207603,,,,,
25.64229524,25.42083094,25.64229524,,,,,
27.84198797,27.41374046,27.84198797,,,,,
25.35313659,26.31852239,26.31852239,,,,,
24.53200528,27.76292018,27.76292018,,,,,
29.83095004,29.19461679,29.83095004,,,,,
29.03942751,28.03082167,29.03942751,,,,,
24.78036499,25.38450513,25.38450513,,,,,
25.93428791,26.82536121,26.82536121,,,,,
27.4830501,27.2022573,27.4830501,,,,,
25.97996923,28.09470956,28.09470956,,,,,
26.73910393,25.83664002,26.73910393,,,,,
29.47703305,29.11659054,29.47703305,,,,,
28.88166863,28.54457745,28.88166863,,,,,
28.14509905,28.77309756,28.77309756,,,,,
28.65079064,26.82774396,28.65079064,,,,,
28.16618896,28.25222491,28.25222491,,,,,
29.21043194,29.88092703,29.88092703,,,,,
25.9301511,27.23238642,27.23238642,,,,,
26.22243196,24.47511531,26.22243196,,,,,
24.36123568,22.96608978,24.36123568,,,,,
25.87414128,26.87126947,26.87126947,,,,,
25.5938415,25.18259905,25.5938415,,,,,
27.39049144,27.50028269,27.50028269,,,,,
28.66114452,28.74135235,28.74135235,,,,,
28.62302459,28.59370076,28.62302459,,,,,
27.68468764,27.74013355,27.74013355,,,,,
25.20865878,28.36911053,28.36911053,,,,,
28.33211859,28.09909448,28.33211859,,,,,
26.91086366,27.61379452,27.61379452,,,,,
26.96433209,27.81381491,27.81381491,,,,,
27.68883049,28.15417436,28.15417436,,,,,
26.31146071,27.06247786,27.06247786,,,,,
25.58060104,25.37744083,25.58060104,,,,,
27.1858397,27.40428001,27.40428001,,,,,
27.66364188,28.35353258,28.35353258,,,,,
25.87429552,26.5575408,26.5575408,,,,,
24.94165467,25.5404075,25.5404075,,,,,
24.72561653,24.24581959,24.72561653,,,,,
28.13866968,27.06431123,28.13866968,,,,,
28.70673872,27.71242026,28.70673872,,,,,
26.86789031,27.28043288,27.28043288,,,,,
27.38393006,27.24936271,27.38393006,,,,,
24.69661198,24.45305865,24.69661198,,,,,
27.02122702,27.31856546,27.31856546,,,,,
24.86475864,24.05593301,24.86475864,,,,,
25.43231456,27.60530236,27.60530236,,,,,
26.39613144,25.45824747,26.39613144,,,,,
29.10879607,29.34089823,29.34089823,,,,,
26.86509745,27.49608015,27.49608015,,,,,
28.98761979,27.46280704,28.98761979,,,,,
24.78419091,25.46559864,25.46559864,,,,,
24.8801722,27.92121716,27.92121716,,,,,
25.41451112,23.97755936,25.41451112,,,,,
24.29751059,25.83182266,25.83182266,,,,,
21.21841608,26.45888067,26.45888067,,,,,
22.46315644,29.03464792,29.03464792,,,,,
23.2430766,23.04250562,23.2430766,,,,,
26.91307312,27.49926717,27.49926717,,,,,
24.00247342,27.1124451,27.1124451,,,,,
25.40712531,25.66686299,25.66686299,,,,,
23.15072558,25.52077074,25.52077074,,,,,
26.30302411,25.499067,26.30302411,,,,,
22.87679527,25.81778696,25.81778696,,,,,
25.11888569,22.76482687,25.11888569,,,,,
27.38051397,27.19455311,27.38051397,,,,,
25.06852994,26.4924592,26.4924592,,,,,
23.88811655,24.55023463,24.55023463,,,,,
25.30460871,23.05144686,25.30460871,,,,,
25.52004705,26.18356511,26.18356511,,,,,
24.71322496,27.48381862,27.48381862,,,,,
20.61201037,20.63502493,20.63502493,,,,,
27.16374537,27.70727174,27.70727174,,,,,
27.3219028,27.65842877,27.65842877,,,,,
26.18934242,23.65879802,26.18934242,,,,,
27.5920015,24.69239297,27.5920015,,,,,
28.2526769,24.00142447,28.2526769,,,,,
23.74779066,27.46632052,27.46632052,,,,,
25.36600699,24.83366755,25.36600699,,,,,
24.96300464,24.09307821,24.96300464,,,,,
23.7451849,25.7384538,25.7384538,,,,,
24.54016018,20.79020217,24.54016018,,,,,
26.80530508,27.46251087,27.46251087,,,,,
27.12224804,27.51113852,27.51113852,,,,,
28.16465193,27.78903254,28.16465193,,,,,
27.26783924,27.61964576,27.61964576,,,,,
22.298045,24.15458423,24.15458423,,,,,
24.90043709,24.93382525,24.93382525,,,,,
25.93371449,26.58798642,26.58798642,,,,,
25.75579581,26.73682393,26.73682393,,,,,
25.80657298,25.67858165,25.80657298,,,,,
27.07989314,28.20018509,28.20018509,,,,,
27.7274133,27.99799688,27.99799688,,,,,
28.91179923,29.08985029,29.08985029,,,,,
22.06848907,23.57673378,23.57673378,,,,,
27.48870491,27.25865956,27.48870491,,,,,
25.49659533,29.34912482,29.34912482,,,,,
26.35818928,26.54237388,26.54237388,,,,,
24.17353184,24.43369873,24.43369873,,,,,
26.60182218,26.34896022,26.60182218,,,,,
28.65990826,28.34659162,28.65990826,,,,,
23.40381987,23.90322094,23.90322094,,,,,
26.01719767,26.39201654,26.39201654,,,,,
23.14873457,24.4750223,24.4750223,,,,,
27.49849626,25.80880576,27.49849626,,,,,
26.76508511,27.80661508,27.80661508,,,,,
25.95770328,25.58994683,25.95770328,,,,,
30.16952695,29.272336,30.16952695,,,,,
25.82335893,25.12674192,25.82335893,,,,,
26.66416232,27.18974853,27.18974853,,,,,
24.76367437,27.1645043,27.1645043,,,,,
26.99215603,25.98360518,26.99215603,,,,,
28.29094952,26.09193822,28.29094952,,,,,
27.06946163,26.31115058,27.06946163,,,,,
25.27402287,24.45213476,25.27402287,,,,,
28.42790963,27.68284811,28.42790963,,,,,
27.03594929,27.02016619,27.03594929,,,,,
28.76236687,27.60650251,28.76236687,,,,,
28.0264772,28.91031211,28.91031211,,,,,
26.18352828,26.81995475,26.81995475,,,,,
23.52648915,22.10740278,23.52648915,,,,,
27.36246033,27.71571873,27.71571873,,,,,
23.98255139,23.14240471,23.98255139,,,,,
24.84010759,25.76558912,25.76558912,,,,,
25.6682343,26.5724564,26.5724564,,,,,
25.07965281,24.50900022,25.07965281,,,,,
23.61640828,24.80222087,24.80222087,,,,,
26.89725433,26.36949849,26.89725433,,,,,
24.80679341,25.45048326,25.45048326,,,,,
26.12375588,27.16115197,27.16115197,,,,,
23.94136323,28.7250076,28.7250076,,,,,
24.60282614,28.5996122,28.5996122,,,,,
24.65058839,23.89573268,24.65058839,,,,,
24.35998538,28.02681267,28.02681267,,,,,
24.07266297,23.32598732,24.07266297,,,,,
26.37456823,27.27991762,27.27991762,,,,,
26.94268883,27.47283557,27.47283557,,,,,
27.28296911,27.74043333,27.74043333,,,,,
25.02114814,25.32514031,25.32514031,,,,,
26.53553634,26.94273653,26.94273653,,,,,
24.79162147,24.30405909,24.79162147,,,,,
23.01253906,26.43924871,26.43924871,,,,,
19.20260694,21.05346118,21.05346118,,,,,
27.18533346,28.10571555,28.10571555,,,,,
23.90795971,24.26866691,24.26866691,,,,,
22.74898608,21.07650336,22.74898608,,,,,
25.99210303,26.0663602,26.0663602,,,,,
27.37425027,27.38022437,27.38022437,,,,,
26.76449837,27.17040505,27.17040505,,,,,
24.80595434,25.66528969,25.66528969,,,,,
29.07188697,30.14393007,30.14393007,,,,,
27.31717939,28.46162871,28.46162871,,,,,
27.3532297,26.80688581,27.3532297,,,,,
22.6041918,25.43936673,25.43936673,,,,,
22.26970775,22.16155484,22.26970775,,,,,
24.65015843,25.05497466,25.05497466,,,,,
24.83362754,23.5623086,24.83362754,,,,,
21.8132596,22.84316631,22.84316631,,,,,
24.84272549,23.43920342,24.84272549,,,,,
24.97997099,25.68827018,25.68827018,,,,,
26.35933072,26.71708834,26.71708834,,,,,
19.55769286,26.2569499,26.2569499,,,,,
23.0145944,22.95585837,23.0145944,,,,,
24.83567373,22.40116864,24.83567373,,,,,
26.55470694,28.62823134,28.62823134,,,,,
24.99681033,25.63927032,25.63927032,,,,,
25.23661471,24.29692524,25.23661471,,,,,
20.88002151,21.98709932,21.98709932,,,,,
27.01227147,27.54676993,27.54676993,,,,,
27.80387294,27.56814033,27.80387294,,,,,
19.88118966,20.82795642,20.82795642,,,,,
23.52348449,23.30923203,23.52348449,,,,,
25.32185358,23.04070944,25.32185358,,,,,
28.42769794,28.7054137,28.7054137,,,,,
20.99657578,21.13739353,21.13739353,,,,,
25.8219503,29.36229346,29.36229346,,,,,
27.5222222,26.87028546,27.5222222,,,,,
26.51031291,26.28273522,26.51031291,,,,,
26.81275644,25.78118771,26.81275644,,,,,
22.49590271,22.18656492,22.49590271,,,,,
26.57412816,26.42893875,26.57412816,,,,,
28.60716165,31.34708812,31.34708812,,,,,
26.80033187,27.03162522,27.03162522,,,,,
23.62001189,22.18325641,23.62001189,,,,,
27.78555641,26.75046232,27.78555641,,,,,
26.66416626,26.85778531,26.85778531,,,,,
20.18945554,21.87441481,21.87441481,,,,,
25.87117476,27.00355493,27.00355493,,,,,
23.20522176,27.0331658,27.0331658,,,,,
25.03117346,24.62623859,25.03117346,,,,,
20.8069538,21.90282781,21.90282781,,,,,
28.61741389,28.23275834,28.61741389,,,,,
19.25585408,18.00802437,19.25585408,,,,,
22.88032936,21.63792666,22.88032936,,,,,
27.69291119,25.6014645,27.69291119,,,,,
24.79567479,23.38760286,24.79567479,,,,,
23.44051028,27.93214972,27.93214972,,,,,
25.76767398,26.54174075,26.54174075,,,,,
22.07402964,26.95882581,26.95882581,,,,,
24.85805842,23.16335781,24.85805842,,,,,
28.41445963,28.08063789,28.41445963,,,,,
21.31738063,18.13411835,21.31738063,,,,,
25.5173275,27.16782882,27.16782882,,,,,
27.83098271,29.76268964,29.76268964,,,,,
25.06545217,25.38277605,25.38277605,,,,,
24.17940314,22.27892706,24.17940314,,,,,
26.10963151,27.47735053,27.47735053,,,,,
22.92381479,24.05143383,24.05143383,,,,,
27.35785107,27.7928612,27.7928612,,,,,
22.6198231,18.87256207,22.6198231,,,,,
29.16119229,29.59593532,29.59593532,,,,,
26.07921434,25.8326311,26.07921434,,,,,
22.60347292,21.5926888,22.60347292,,,,,
26.24763361,26.23805707,26.24763361,,,,,
24.68164376,21.99321943,24.68164376,,,,,
25.03925906,24.92800615,25.03925906,,,,,
26.82096833,26.81659338,26.82096833,,,,,
23.39230876,28.88730703,28.88730703,,,,,
25.65407589,26.35970644,26.35970644,,,,,
20.96109168,21.35653571,21.35653571,,,,,
28.61044678,30.56355172,30.56355172,,,,,
30.86167873,28.65857152,30.86167873,,,,,
24.29173881,23.78769286,24.29173881,,,,,
27.34374314,27.01685122,27.34374314,,,,,
25.97098195,25.10687677,25.97098195,,,,,
25.7728768,26.79433756,26.79433756,,,,,
27.58233312,25.48129075,27.58233312,,,,,
25.35268193,24.56867584,25.35268193,,,,,
22.71069015,21.34808727,22.71069015,,,,,
27.82050478,26.61626697,27.82050478,,,,,
29.00080671,27.59164378,29.00080671,,,,,
23.34892977,23.62215018,23.62215018,,,,,
24.95191918,27.00693908,27.00693908,,,,,
27.01326084,25.87294589,27.01326084,,,,,
28.45950031,27.8677402,28.45950031,,,,,
23.2296654,25.25089472,25.25089472,,,,,
23.7736772,23.16164903,23.7736772,,,,,
25.83539299,24.64841318,25.83539299,,,,,
27.98168056,27.6623483,27.98168056,,,,,
25.95889206,25.00166468,25.95889206,,,,,
27.24809034,26.91174046,27.24809034,,,,,
22.92600926,27.4212803,27.4212803,,,,,
26.75334253,27.61970734,27.61970734,,,,,
27.92300434,28.001215,28.001215,,,,,
24.17685047,23.99551269,24.17685047,,,,,
28.58049388,27.73297648,28.58049388,,,,,
27.56647762,28.56696095,28.56696095,,,,,
28.41511285,28.31804239,28.41511285,,,,,
28.3129297,27.88525906,28.3129297,,,,,
28.21681549,27.35024085,28.21681549,,,,,
26.20750247,25.51066972,26.20750247,,,,,
22.74790147,18.84626602,22.74790147,,,,,
24.28498149,22.58705109,24.28498149,,,,,
26.48304171,28.49016843,28.49016843,,,,,
23.58375632,21.99339053,23.58375632,,,,,
20.73210809,19.49607369,20.73210809,,,,,
24.64413641,25.10668194,25.10668194,,,,,
23.28174733,24.6713707,24.6713707,,,,,
24.91902818,27.21008879,27.21008879,,,,,
